{"cameraMode":{"drawMode":0,"name":"Shaded","section":"Shading Mode"},"sceneLighting":true,"audioPlay":false,"sceneViewState":{"showFog":true,"showMaterialUpdate":false,"showSkybox":true,"showFlares":true,"showImageEffects":true,"showParticleSystems":true},"in2DMode":false,"pivot":{"x":3153.58203125,"y":152.0092315673828,"z":1919.15771484375},"rotation":{"x":0.03656909614801407,"y":-0.47936296463012698,"z":-0.019994869828224183,"w":-0.8766288757324219},"size":2830.527587890625,"orthographic":false}