{"cameraMode":{"drawMode":0,"name":"Shaded","section":"Shading Mode"},"sceneLighting":true,"audioPlay":false,"sceneViewState":{"showFog":true,"showMaterialUpdate":false,"showSkybox":true,"showFlares":true,"showImageEffects":true,"showParticleSystems":true},"in2DMode":false,"pivot":{"x":3.757244110107422,"y":1.3457632064819337,"z":-3.1443614959716799},"rotation":{"x":-0.04225733131170273,"y":0.9571685791015625,"z":-0.18488642573356629,"w":-0.21876923739910127},"size":10.802359580993653,"orthographic":false}