{"cameraMode":{"drawMode":0,"name":"Shaded","section":"Shading Mode"},"sceneLighting":true,"audioPlay":false,"sceneViewState":{"showFog":true,"showMaterialUpdate":false,"showSkybox":true,"showFlares":true,"showImageEffects":true,"showParticleSystems":true},"in2DMode":false,"pivot":{"x":-1.5085630416870118,"y":-2.6771860122680666,"z":4.58388614654541},"rotation":{"x":-0.15216824412345887,"y":0.8240811824798584,"z":-0.26198700070381167,"w":-0.4786449670791626},"size":10.0,"orthographic":false}